1.064.png,0
1.082.png,0
1.097.png,0
1.0113.png,0
1.0127.png,0
1.0171.png,0
1.0186.png,0
1.440.png,0
1.493.png,0
1.523.png,0
1.528.png,0
1.562.png,0
1.680.png,0
1.757.png,0
1.996.png,0
1.1126.png,0
1.1176.png,0
1.2134.png,0
1.2162.png,0
1.2191.png,0
1.3106.png,0
1.3185.png,0
1.3188.png,0
1.4132.png,0
1.4169.png,0
1.5105.png,0
1.5143.png,0
1.5143.png,0
1.6128.png,0
1.6140.png,0
1.9183.png,0
2.27.png,0
2.48.png,0
2.0102.png,0
2.116.png,0
2.121.png,0
2.178.png,0
2.211.png,0
2.229.png,0
2.418.png,0
2.710.png,0
2.791.png,0
2.860.png,0
2.889.png,0
2.1129.png,0
2.1146.png,0
2.1156.png,0
2.1157.png,0
2.1197.png,0
2.2111.png,0
2.4123.png,0
2.4149.png,0
2.6151.png,0
2.7104.png,0
2.7109.png,0
2.7182.png,0
3.25.png,0
3.0174.png,0
3.183.png,0
3.217.png,0
3.477.png,0
3.553.png,0
3.565.png,0
3.625.png,1
3.644.png,1
3.652.png,1
3.798.png,1
3.836.png,1
3.871.png,1
3.888.png,1
3.979.png,1
3.2167.png,1
3.3180.png,1
3.4116.png,1
3.5124.png,1
3.5179.png,1
3.7118.png,1
3.8122.png,1
3.8153.png,1
3.8190.png,1
3.9161.png,1
3.9192.png,1
4.0103.png,1
4.132.png,1
4.143.png,1
4.369.png,1
4.399.png,1
4.414.png,1
4.533.png,1
4.549.png,1
4.630.png,1
4.738.png,1
4.847.png,1
4.1130.png,1
4.1159.png,1
4.2173.png,1
4.3136.png,1
4.3152.png,1
4.3178.png,1
4.3196.png,1
4.5194.png,1
4.6108.png,1
4.6193.png,1
4.8184.png,1
5.048.png,1
5.059.png,1
5.59.png,2
5.115.png,1
5.151.png,1
5.234.png,1
5.541.png,2
5.754.png,2
5.876.png,2
5.3164.png,1
5.5160.png,2
5.5181.png,2
5.6125.png,2
5.6144.png,2
5.7139.png,2
5.7154.png,2
5.8110.png,2
5.8131.png,2
5.8142.png,2
6.022.png,2
6.62.png,2
6.0172.png,2
6.220.png,2
6.292.png,2
6.435.png,2
6.442.png,2
6.545.png,2
6.612.png,2
6.624.png,2
6.663.png,2
6.674.png,2
6.737.png,2
6.794.png,2
6.926.png,2
6.939.png,2
6.968.png,2
6.986.png,2
6.1189.png,2
6.5120.png,2
6.5170.png,2
6.6150.png,2
6.6175.png,2
6.9158.png,2
7.0121.png,2
7.150.png,2
7.0200.png,2
7.346.png,2
7.361.png,2
7.690.png,2
7.773.png,2
7.781.png,2
7.785.png,2
7.787.png,2
7.819.png,2
7.1187.png,2
7.2100.png,2
7.2119.png,2
7.3112.png,2
7.3133.png,2
7.4107.png,2
7.5163.png,2
7.5195.png,2
7.5199.png,2
8.21.png,2
8.066.png,2
8.74.png,2
8.83.png,2
8.0141.png,2
8.0166.png,2
8.175.png,2
8.195.png,2
8.231.png,2
8.313.png,2
8.372.png,2
8.455.png,2
8.527.png,2
8.558.png,2
8.784.png,2
8.867.png,2
8.1101.png,2
8.1115.png,2
8.1165.png,2
8.1177.png,2
8.2148.png,2
8.2168.png,2
8.3117.png,2
8.3147.png,2
8.4137.png,2
8.5135.png,2
8.5155.png,2
8.8138.png,2
